[1,["43WLVPvo5FnYTUyXkb4JdJ"],0,[["sp.SkeletonData",["_name","_atlasText","textureNames","_skeletonJson","textures"],-1,3]],[[0,0,1,2,3,4,5]],[[0,"xocdia","\nxocdia.png\nsize: 2048,2048\nformat: RGBA8888\nfilter: Linear,Linear\nrepeat: none\náda\n  rotate: false\n  xy: 1003, 358\n  size: 444, 438\n  orig: 444, 438\n  offset: 0, 0\n  index: -1\ne1\n  rotate: false\n  xy: 1003, 1\n  size: 1000, 355\n  orig: 1000, 355\n  offset: 0, 0\n  index: -1\nl2\n  rotate: false\n  xy: 1, 358\n  size: 1000, 355\n  orig: 1000, 355\n  offset: 0, 0\n  index: -1\nl1\n  rotate: false\n  xy: 1, 1\n  size: 1000, 355\n  orig: 1000, 355\n  offset: 0, 0\n  index: -1\nab\n  rotate: false\n  xy: 1449, 358\n  size: 286, 292\n  orig: 286, 292\n  offset: 0, 0\n  index: -1\nac\n  rotate: false\n  xy: 529, 1670\n  size: 265, 298\n  orig: 265, 298\n  offset: 0, 0\n  index: -1\nach\n  rotate: false\n  xy: 1, 1670\n  size: 266, 312\n  orig: 266, 312\n  offset: 0, 0\n  index: -1\nar\n  rotate: false\n  xy: 269, 1670\n  size: 258, 318\n  orig: 258, 318\n  offset: 0, 0\n  index: -1\nbong\n  rotate: false\n  xy: 833, 1562\n  size: 830, 189\n  orig: 830, 189\n  offset: 0, 0\n  index: -1\nComp 1_00003\n  rotate: false\n  xy: 1, 715\n  size: 830, 189\n  orig: 830, 189\n  offset: 0, 0\n  index: -1\nComp 1_00004\n  rotate: false\n  xy: 833, 1180\n  size: 830, 189\n  orig: 830, 189\n  offset: 0, 0\n  index: -1\nComp 1_00005\n  rotate: false\n  xy: 1, 1479\n  size: 830, 189\n  orig: 830, 189\n  offset: 0, 0\n  index: -1\nComp 1_00006\n  rotate: false\n  xy: 1, 1097\n  size: 830, 189\n  orig: 830, 189\n  offset: 0, 0\n  index: -1\nComp 1_00007\n  rotate: false\n  xy: 1, 906\n  size: 830, 189\n  orig: 830, 189\n  offset: 0, 0\n  index: -1\nComp 1_00008\n  rotate: false\n  xy: 833, 798\n  size: 830, 189\n  orig: 830, 189\n  offset: 0, 0\n  index: -1\nComp 1_00009\n  rotate: false\n  xy: 1, 1288\n  size: 830, 189\n  orig: 830, 189\n  offset: 0, 0\n  index: -1\nComp 1_00010\n  rotate: false\n  xy: 833, 989\n  size: 830, 189\n  orig: 830, 189\n  offset: 0, 0\n  index: -1\nComp 1_00011\n  rotate: false\n  xy: 833, 1371\n  size: 830, 189\n  orig: 830, 189\n  offset: 0, 0\n  index: -1\n",["xocdia.png"],{"skeleton":{"width":1000,"height":481.58,"fps":24,"hash":" ","name":"Armature"},"bones":[{"name":"root"},{"length":223,"x":91.5,"y":2.7,"rotation":62.3178,"name":"ar","parent":"root"},{"length":224,"x":-88.85,"y":-3.55,"rotation":115.7503,"name":"ab","parent":"root"},{"length":227,"x":-33.75,"y":18.65,"rotation":96.9624,"name":"ac","parent":"root"},{"length":248,"x":31.1,"y":19.55,"rotation":76.1648,"name":"ach","parent":"root"},{"length":559,"x":2.6,"y":3.85,"rotation":43.703,"name":"áda","parent":"root"}],"slots":[{"name":"áda","bone":"áda","attachment":"áda"},{"name":"e1","bone":"root","attachment":"e1"},{"name":"l2","bone":"root","attachment":"l2"},{"name":"l1","bone":"root","attachment":"l1"},{"name":"ab","bone":"ab","attachment":"ab"},{"name":"ac","bone":"ac","attachment":"ac"},{"name":"ach","bone":"ach","attachment":"ach"},{"name":"ar","bone":"ar","attachment":"ar"},{"name":"bong","bone":"root","attachment":"bong"},{"name":"Comp 1_00003","bone":"root","attachment":"Comp 1_00003"},{"name":"Comp 1_00004","bone":"root","attachment":"Comp 1_00004"},{"name":"Comp 1_00005","bone":"root","attachment":"Comp 1_00005"},{"name":"Comp 1_00006","bone":"root","attachment":"Comp 1_00006"},{"name":"Comp 1_00007","bone":"root","attachment":"Comp 1_00007"},{"name":"Comp 1_00008","bone":"root","attachment":"Comp 1_00008"},{"name":"Comp 1_00009","bone":"root","attachment":"Comp 1_00009"},{"name":"Comp 1_00010","bone":"root","attachment":"Comp 1_00010"},{"name":"Comp 1_00011","bone":"root","attachment":"Comp 1_00011"}],"skins":{"default":{"Comp 1_00004":{"Comp 1_00004":{"name":"Comp 1_00004","width":830,"height":189,"hull":4,"type":"mesh","triangles":[1,0,3,0,2,3],"uvs":[0,0,1,0,0,1,1,1],"edges":[0,2,2,6,4,6,4,0],"vertices":[-415,94.5,415,94.5,-415,-94.5,415,-94.5]}},"l1":{"l1":{"name":"l1","width":1000,"height":355,"hull":4,"type":"mesh","triangles":[1,0,3,0,2,3],"uvs":[0,0,1,0,0,1,1,1],"edges":[0,2,2,6,4,6,4,0],"vertices":[-500,177.5,500,177.5,-500,-177.5,500,-177.5]}},"Comp 1_00006":{"Comp 1_00006":{"name":"Comp 1_00006","width":830,"height":189,"hull":4,"type":"mesh","triangles":[1,0,3,0,2,3],"uvs":[0,0,1,0,0,1,1,1],"edges":[0,2,2,6,4,6,4,0],"vertices":[-415,94.5,415,94.5,-415,-94.5,415,-94.5]}},"ac":{"ac":{"name":"ac","width":265,"height":298,"hull":4,"type":"mesh","triangles":[0,3,1,1,3,2],"uvs":[0.06925,0.09513,0.75321,0.02752,0.91038,0.92013,0.16358,0.97836],"edges":[0,2,2,4,4,6,6,0],"vertices":[235.93,100.54,233.96,-81.81,-35.13,-90.91,-28.36,107.63]}},"Comp 1_00008":{"Comp 1_00008":{"name":"Comp 1_00008","width":830,"height":189,"hull":4,"type":"mesh","triangles":[1,0,3,0,2,3],"uvs":[0,0,1,0,0,1,1,1],"edges":[0,2,2,6,4,6,4,0],"vertices":[-415,94.5,415,94.5,-415,-94.5,415,-94.5]}},"ar":{"ar":{"name":"ar","width":258,"height":318,"hull":7,"type":"mesh","triangles":[1,0,2,0,6,2,5,3,2,6,5,2,5,4,3],"uvs":[0.39322,0.01148,1,0.23412,1,0.41541,0.63547,1,0,0.77123,0,0.57044,0.27209,0.06368],"edges":[0,2,2,4,4,6,6,8,8,10,10,12,12,0],"vertices":[228.57,97.38,238.6,-74.14,187.55,-100.92,-20.76,-104,-32.5,74.98,24.04,104.64,199.35,117.34]}},"Comp 1_00010":{"Comp 1_00010":{"name":"Comp 1_00010","width":830,"height":189,"hull":4,"type":"mesh","triangles":[1,0,3,0,2,3],"uvs":[0,0,1,0,0,1,1,1],"edges":[0,2,2,6,4,6,4,0],"vertices":[-415,94.5,415,94.5,-415,-94.5,415,-94.5]}},"Comp 1_00003":{"Comp 1_00003":{"name":"Comp 1_00003","width":830,"height":189,"hull":4,"type":"mesh","triangles":[1,0,3,0,2,3],"uvs":[0,0,1,0,0,1,1,1],"edges":[0,2,2,6,4,6,4,0],"vertices":[-415,94.5,415,94.5,-415,-94.5,415,-94.5]}},"e1":{"e1":{"name":"e1","width":1000,"height":355,"hull":4,"type":"mesh","triangles":[1,0,3,0,2,3],"uvs":[0,0,1,0,0,1,1,1],"edges":[0,2,2,6,4,6,4,0],"vertices":[-500,177.5,500,177.5,-500,-177.5,500,-177.5]}},"l2":{"l2":{"name":"l2","width":1000,"height":355,"hull":4,"type":"mesh","triangles":[1,0,3,0,2,3],"uvs":[0,0,1,0,0,1,1,1],"edges":[0,2,2,6,4,6,4,0],"vertices":[-500,177.5,500,177.5,-500,-177.5,500,-177.5]}},"Comp 1_00005":{"Comp 1_00005":{"name":"Comp 1_00005","width":830,"height":189,"hull":4,"type":"mesh","triangles":[1,0,3,0,2,3],"uvs":[0,0,1,0,0,1,1,1],"edges":[0,2,2,6,4,6,4,0],"vertices":[-415,94.5,415,94.5,-415,-94.5,415,-94.5]}},"ab":{"ab":{"name":"ab","width":286,"height":292,"hull":8,"type":"mesh","triangles":[2,4,6,0,2,6,7,0,6,6,4,5,2,3,4,1,2,0],"uvs":[0.59493,0,0.07045,0.20959,0.11661,0.35223,0.43951,1,0.61434,0.98493,0.99983,0.74469,0.99983,0.64247,0.69441,0],"edges":[0,2,2,4,4,6,6,8,8,10,10,12,12,14,14,0],"vertices":[232.55,-57.77,242.59,103.93,199.34,110.13,-11.15,109.13,-28.91,62.18,-13.62,-67.6,13.27,-80.56,220.19,-83.39]}},"Comp 1_00007":{"Comp 1_00007":{"name":"Comp 1_00007","width":830,"height":189,"hull":4,"type":"mesh","triangles":[1,0,3,0,2,3],"uvs":[0,0,1,0,0,1,1,1],"edges":[0,2,2,6,4,6,4,0],"vertices":[-415,94.5,415,94.5,-415,-94.5,415,-94.5]}},"ach":{"ach":{"name":"ach","width":266,"height":312,"hull":5,"type":"mesh","triangles":[4,3,2,4,2,1,0,4,1],"uvs":[0.19417,0.01619,0.89906,0.08301,0.72951,0.94663,0.01654,0.85737,0.13139,0.05849],"edges":[0,2,2,4,4,6,6,8,8,0],"vertices":[226.46,106.7,251.05,-80.35,-21.37,-100.99,-39.68,89.82,209.64,119.76]}},"Comp 1_00009":{"Comp 1_00009":{"name":"Comp 1_00009","width":830,"height":189,"hull":4,"type":"mesh","triangles":[1,0,3,0,2,3],"uvs":[0,0,1,0,0,1,1,1],"edges":[0,2,2,6,4,6,4,0],"vertices":[-415,94.5,415,94.5,-415,-94.5,415,-94.5]}},"bong":{"bong":{"name":"bong","width":830,"height":189,"hull":4,"type":"mesh","triangles":[1,0,3,0,2,3],"uvs":[0,0,1,0,0,1,1,1],"edges":[0,2,2,6,4,6,4,0],"vertices":[-415,94.5,415,94.5,-415,-94.5,415,-94.5]}},"áda":{"áda":{"name":"áda","width":444,"height":438,"hull":4,"type":"mesh","triangles":[1,0,3,0,2,3],"uvs":[0,0,1,0,0,1,1,1],"edges":[0,2,2,6,4,6,4,0],"vertices":[-10.93,576.67,586.14,8.31,-571.6,-12.34,25.47,-580.69]}},"Comp 1_00011":{"Comp 1_00011":{"name":"Comp 1_00011","width":830,"height":189,"hull":4,"type":"mesh","triangles":[1,0,3,0,2,3],"uvs":[0,0,1,0,0,1,1,1],"edges":[0,2,2,6,4,6,4,0],"vertices":[-415,94.5,415,94.5,-415,-94.5,415,-94.5]}}}},"animations":{"animtion0":{"bones":{"ar":{"rotate":[{"time":0,"angle":0},{"time":0.8333,"angle":10.78},{"time":1.6666,"angle":0},{"time":2.4999,"angle":10.78},{"time":3.3332,"angle":0}],"shear":[{"time":0},{"time":0.8333},{"time":1.6666},{"time":2.4999},{"time":3.3332}]},"ab":{"rotate":[{"time":0,"angle":0},{"time":0.8333,"angle":-12.03},{"time":1.6666,"angle":0},{"time":2.4999,"angle":-12.03},{"time":3.3332,"angle":0}],"shear":[{"time":0},{"time":0.8333},{"time":1.6666},{"time":2.4999},{"time":3.3332}]},"ac":{"rotate":[{"time":0,"angle":0},{"time":0.8333,"angle":-4.77},{"time":1.6666,"angle":0},{"time":2.4999,"angle":-4.77},{"time":3.3332,"angle":0}],"shear":[{"time":0},{"time":0.8333},{"time":1.6666},{"time":2.4999},{"time":3.3332}]},"ach":{"rotate":[{"time":0,"angle":0},{"time":0.8333,"angle":3.39},{"time":1.6666,"angle":0},{"time":2.4999,"angle":3.39},{"time":3.3332,"angle":0}],"shear":[{"time":0},{"time":0.8333},{"time":1.6666},{"time":2.4999},{"time":3.3332}]},"áda":{"rotate":[{"time":0,"angle":0},{"time":0.8333,"angle":-79.45},{"time":1.6666,"angle":164.38},{"time":2.4999,"angle":82.19},{"time":3.3332,"angle":0}],"shear":[{"time":0},{"time":0.8333},{"time":1.6666},{"time":2.4999},{"time":3.3332}]}},"slots":{"l2":{"attachment":[{"time":0,"name":""},{"time":0.4167,"name":"l2"},{"time":0.8334,"name":""},{"time":1.2501,"name":"l2"},{"time":1.6668,"name":""},{"time":2.0835,"name":"l2"},{"time":2.5002,"name":""},{"time":2.9169,"name":"l2"},{"time":3.3336,"name":""}]},"l1":{"attachment":[{"time":0,"name":"l1"},{"time":0.4167,"name":""},{"time":0.8334,"name":"l1"},{"time":1.2501,"name":""},{"time":1.6668,"name":"l1"},{"time":2.0835,"name":""},{"time":2.5002,"name":"l1"},{"time":2.9169,"name":""},{"time":3.3336,"name":"l1"}]},"Comp 1_00003":{"attachment":[{"time":0,"name":""},{"time":0.8333,"name":"Comp 1_00003"},{"time":0.9583,"name":""}]},"Comp 1_00004":{"attachment":[{"time":0,"name":""},{"time":0.9167,"name":"Comp 1_00004"},{"time":1.0417,"name":""}]},"Comp 1_00005":{"attachment":[{"time":0,"name":""},{"time":1,"name":"Comp 1_00005"},{"time":1.125,"name":""}]},"Comp 1_00006":{"attachment":[{"time":0,"name":""},{"time":1.0833,"name":"Comp 1_00006"},{"time":1.2083,"name":""}]},"Comp 1_00007":{"attachment":[{"time":0,"name":""},{"time":1.1667,"name":"Comp 1_00007"},{"time":1.2917,"name":""}]},"Comp 1_00008":{"attachment":[{"time":0,"name":""},{"time":1.25,"name":"Comp 1_00008"},{"time":1.375,"name":""}]},"Comp 1_00009":{"attachment":[{"time":0,"name":""},{"time":1.3333,"name":"Comp 1_00009"},{"time":1.4583,"name":""}]},"Comp 1_00010":{"attachment":[{"time":0,"name":""},{"time":1.4167,"name":"Comp 1_00010"},{"time":1.5417,"name":""}]},"Comp 1_00011":{"attachment":[{"time":0,"name":""},{"time":1.5,"name":"Comp 1_00011"},{"time":1.625,"name":""}]}}}}},[0]]],0,0,[0],[-1],[0]]