{"paths":{},"types":[],"uuids":["43WLVPvo5FnYTUyXkb4JdJ","88o+ju2jJPZ5I9ZHljRHcK","92j+5IJ39EE5+d9IgyZqH4","9cIKas1QRD1LCAE7ExF/lq","aemEQ3H0NDbJYNZLH2cJ7y","08MYKKOHdOl5fxHF9FDuS1","4c1LLlLEFFIp1Xb5Re4McB","7a/QZLET9IDreTiBfRn2PD","8a250vJsROO4wWBo97IfBU","8fgQSrcR5NVrdaT2J44Tyd","ecpdLyjvZBwrvm+cedCcQy"],"scenes":{"db://assets/LoadScene/LoadScene.fire":3},"redirect":[7,0,10,0],"deps":["internal"],"packs":{},"name":"main","importBase":"import","nativeBase":"native","debug":false,"isZip":false,"encrypted":false,"versions":{"import":[5,"e3f2c",0,"7871f",6,"b51bf",1,"4b3a3",8,"8deac",9,"8b2cf",2,"7871f",3,"2ff14",4,"7871f"],"native":[0,"835ed",1,"31139",2,"0c535",4,"6999b"]}}